"Epic","Feature","Story","FAILED","BROKEN","PASSED","SKIPPED","UNKNOWN"
"","","","4","3","28","0","0"
"","Success Login","","0","0","3","0","0"
"","Failed Forgot Password","","1","0","1","0","0"
"","Success Contact Us","","0","0","1","0","0"
"","Failed Login","","1","0","5","0","0"
"","Failed Register","","0","0","3","0","0"
"","Failed Send Message Contact Us","","0","0","4","0","0"
"","Success Forgot Password","","0","0","1","0","0"
"","Success Register","","0","0","1","0","0"
"","Cancel Forgot Password","","0","0","1","0","0"
